lat_centroid,lon_centroid,cluster_index,place_name,google_place_id,place_address,place_category,place_type,place_lat,place_lon,distance_to_centroid
40.00481714139265,116.32245624281668,0,金凤成祥,ChIJ____8p9W8DURmY8N2L-IA4E,"Qing Hua Da Xue Tu Shu Guan, Haidian Qu",restaurants,bakery,40.00490010000001,116.3236523,102.2901396811165
40.00481714139265,116.32245624281668,0,清华大学-体育场,ChIJSdf0g59W8DURSfA-nJt6yPQ,"284C+3W5, Haidian District",leisure,stadium,40.00514099999999,116.322348,37.17292121572452
40.00481714139265,116.32245624281668,0,清华大礼堂,ChIJ1VNKDKBW8DURGE5mC4ST8HA,"清华园1号（近清华学堂）, Haidian Qu, Beijing Shi",sport,gym,40.003288,116.324404,237.55907100003796
40.01073522895303,116.29686202190425,1,Yuanmingyuan Park,ChIJ09grWqdW8DURTB0kM62Vn_A,"Haidian District, Beijing",leisure,tourist_attraction,40.0080982,116.2982148,315.0476515729817
40.006750449712506,116.29680145768349,2,Lingdian Restaurant,ChIJG5UCprhW8DURHSVg8w9BmFc,"福缘门路, Haidian Qu",restaurants,restaurant,40.004419,116.301656,488.0290409036549
40.006750449712506,116.29680145768349,2,Yuanmingyuan Park,ChIJ09grWqdW8DURTB0kM62Vn_A,"Haidian District, Beijing",leisure,tourist_attraction,40.0080982,116.2982148,192.22212992038263
39.98016607559587,116.32399053821108,3,苏氏牛肉面,ChIJU5Th5lVR8DURGzfB3VMVAZY,"中关村双榆树, Haidian Qu, Beijing Shi",restaurants,restaurant,39.980906,116.323659,86.9903226006584
39.98016607559587,116.32399053821108,3,保福商场,ChIJn_zNJ1ZR8DURJXW7KKZuEXs,"科学院南路, Haidian Qu, Beijing Shi",leisure,shopping_mall,39.978488,116.324781,198.37729339755572
39.98016607559587,116.32399053821108,3,CSI-Bally Total Fitness,ChIJxaR6lf9T8DUR8HwwAbfhW9c,China,sport,gym,39.9835491,116.3264104,428.9733407171833
40.00434748957922,116.31211669279848,4,东北家常菜,ChIJtWEE_aJW8DUR2x6dAxb9oag,"中关村北大街, Haidian Qu, Beijing Shi",restaurants,restaurant,40.004172,116.3155,288.83332265862066
40.00434748957922,116.31211669279848,4,Yuanmingyuan Pitiable Stadium,ChIJETKTZb1W8DURrtIdc8vMv3Q,"2846+QFG, Haidian District",leisure,stadium,40.00693699999999,116.311197,298.4058093858554
40.00434748957922,116.31211669279848,4,Yingying Kaixuan Fitness Center,ChIJqSfmAqNW8DURNR4Vq32ZRII,"Zhong Guan Cun Bei Da Jie, Haidian Qu",sport,gym,40.0039465,116.3154433,286.8312549366653
39.99704773250174,116.32222466152446,5,北京清饮饮食公司,ChIJt_AfTKZW8DURr6tpCd4PgYQ,"清华大学校内停车场, Haidian Qu, Beijing Shi",restaurants,restaurant,39.996943,116.321627,52.22624826587701
39.99704773250174,116.32222466152446,5,Tsinghua University Old Age Activity Center,ChIJuyzOn6dW8DUR4wzlmftDJOA,"X8WF+VCX, Haidian District",leisure,museum,39.997242,116.323618,120.63978831717344
40.07866310706134,116.58822041479938,6,肯德基机场1店,ChIJS7B_veYF8TURTCkAuGLPGB0,"首都机场T1航站楼S302, Shunyi Qu, Beijing Shi",restaurants,restaurant,40.07906699999999,116.589563,122.74126526810024
40.07866310706134,116.58822041479938,6,I SPA,ChIJjYJ1t-MF8TUR4qZ1q73um3g,"首都国际机场, Chaoyang Qu",leisure,spa,40.075391,116.592135,493.27110000347767
39.99750894095778,116.27021723823653,7,水村居,ChIJU2Btg9JQ8DURSUOXjQZGfXo,"X7W8+XF3, Haidian District",restaurants,cafe,39.99738199999999,116.266181,344.1107729506627
39.99750894095778,116.27021723823653,7,Long Corridor,ChIJt9mwqtRQ8DURvdfRvRrKizQ,"X7XC+5P5, Haidian District",leisure,tourist_attraction,39.997877,116.271868,146.45197154770878
39.98956923962303,116.272298864017,8,藻鉴堂,ChIJk8MGzdtQ8DURos-Udd1oZUw,"X7PC+C97, Haidian District",leisure,tourist_attraction,39.986034,116.270907,410.597104659416
39.90928913761032,116.40516062754364,9,Daoxiangcun,ChIJGfvIxcdS8DURSJjbS7RvLwQ,"-1近, 105 Nan He Yan Da Jie, Dongcheng Qu",restaurants,bakery,39.909285,116.406557,119.1022862928738
39.90928913761032,116.40516062754364,9,Dongyuan Theatrical Stage,ChIJaTtfn8dS8DUR6wxueiMYtQI,"菖蒲河沿内, Nan Wan Zi Hu Tong, Dongcheng Qu",leisure,movie_theater,39.909297,116.4050218,11.873307073892692
39.90928913761032,116.40516062754364,9,北京饭店康乐中心,ChIJ0yG1sslS8DURzxdowq3E4PQ,"33 Dong Chang An Jie, Dong Dan, Dongcheng Qu",sport,gym,39.9083573,116.407687,239.102001479158
39.91402195126257,116.403157546516,10,Terrace Tea House,ChIJV3AAWcRS8DURXMI3CbiGrYA,"69 Dong Hua Men Da Jie, Dongcheng Qu",restaurants,cafe,39.91538800000001,116.403733,159.6298038094432
39.91402195126257,116.403157546516,10,华莱画廊,ChIJ75lGQ8RS8DURdGSQwuk_SAo,"东华门大街, Dongcheng Qu, Beijing Shi",leisure,museum,39.914903,116.403456,101.22105358385294
39.91402195126257,116.403157546516,10,武源合气武术健身俱乐部,ChIJKbmOwsBS8DUR51AncVCeRyM,"天安门东侧劳动人民文化宫三殿, Dongcheng Qu, Beijing Shi",sport,gym,39.91081399999999,116.400273,433.3215070781324
39.89824271687493,116.388151295743,11,Heping Wine House,ChIJuaNmmZtS8DUR3ms8Rqu2Be4,"Qian Men Xi He Yan Jie, Xicheng Qu",restaurants,bar,39.898831,116.38741,90.98355770781792
39.89824271687493,116.388151295743,11,Star Light Old Age Home,ChIJXW1kCJxS8DURiiHLuzzp3SE,"Yan Shou Jie, Xicheng Qu",leisure,casino,39.89737969999999,116.3891264,126.99805742922852
39.89824271687493,116.388151295743,11,North Xinhua Street East Community Jianshenyuan,ChIJCzfKU5pS8DURDnFakinLGCo,"Qian Men Xi Da Jie, Xicheng Qu",sport,gym,39.90052499999999,116.387463,260.48249573602544
39.9419102121144,116.37496500054138,12,水色盛开,ChIJ-7_GDA9T8DURvPIwIeZ8ApY,"4 Hou Hai Xi Yan, Xicheng Qu",restaurants,bar,39.94256,116.37432,90.7975222603717
39.9419102121144,116.37496500054138,12,北京音乐台97.4,ChIJlzbFkAdT8DURuWeVyW5q4z0,"大半截胡同, Xicheng Qu, Beijing Shi",leisure,movie_theater,39.942804,116.373225,178.55471093851514
39.9419102121144,116.37496500054138,12,圣玛田乒乓球俱乐部,ChIJU-1Y9KdT8DURwmzqdyFbMtU,"新街口北大街乙23号, Xicheng Qu, Beijing Shi",sport,gym,39.94072300000001,116.372681,235.25038891862584
39.938944946683804,116.38358510102452,13,老北京胡同菜,ChIJD2X1MBtT8DURl8VB5QpKna4,"什刹海柳荫街路口北段, Xicheng Qu, Beijing Shi",restaurants,restaurant,39.938564,116.384614,97.41260460050094
39.938944946683804,116.38358510102452,13,北京市西城区社区图书馆,ChIJFwNR1BpT8DURiI6WtyxNJpU,"柳荫街9号, Xicheng Qu, Beijing Shi",leisure,museum,39.939594,116.384194,88.90231931641515
39.938944946683804,116.38358510102452,13,Liuyin Street Jianshenyuan,ChIJ650GOhtT8DUR4KLBZ_jdybc,"Liu Yin Jie, Shi Cha Hai, Xicheng Qu",sport,gym,39.9384371,116.384904,125.82834118218024
39.93757315030032,116.38825309165168,14,Imperial Lake Cafe,ChIJ-XnD9BpT8DURlYFt3NHOpkk,"小翔凤胡同甲7号, Xiao Xiang Feng Hu Tong, Xicheng Qu",restaurants,cafe,39.93993479999999,116.3868036,290.2283993141495
39.93757315030032,116.38825309165168,14,Zhangbo Jupansu Former Residence Memorial Hall,ChIJZ7BRHxpT8DURaisJu4wu678,"26 Hou Hai Nan Yan, Shi Cha Hai, Xicheng Qu",leisure,museum,39.939339,116.389542,225.0118194315936
39.93757315030032,116.38825309165168,14,Liuyin Street Jianshenyuan,ChIJ650GOhtT8DUR4KLBZ_jdybc,"Liu Yin Jie, Shi Cha Hai, Xicheng Qu",sport,gym,39.9384371,116.384904,301.2631940610028
39.93242569902992,116.39017972298036,15,Mushroom,ChIJQ6EQJRxT8DURCnfYPVXgubc,"2 Qian Gan Hu Tong, Shi Cha Hai, Xicheng Qu",restaurants,bar,39.9341119,116.3892608,203.20936441814092
39.93242569902992,116.39017972298036,15,Beihai Park （North Gate 1）,ChIJRdGf-h5T8DURvme0rn0n_Cc,"Di An Men Xi Da Jie, Shi Cha Hai, Xicheng Qu",leisure,park,39.9332886,116.3914247,143.08975071754617
39.93242569902992,116.39017972298036,15,万年青健身器材,ChIJfWp1Ph1T8DURLSdpKwb-xaQ,"地安门西大街105号,齐鲁饭店以西50米路北, Xicheng Qu, Beijing Shi",sport,gym,39.933443,116.385355,426.644275337736
39.94446475666767,116.37551311342524,16,Chuansao Spicy Hot Pot,ChIJ47s-rAdT8DUR3mD3-toLhOU,"Xin Jie Kou Dong Jie, Xicheng Qu",restaurants,restaurant,39.942093,116.374827,270.13625158606334
39.94446475666767,116.37551311342524,16,JJ迪厅,ChIJf_8W2gdT8DUR77Z2loSmDVg,"新街口北大街, Xicheng Qu, Beijing Shi",leisure,night_club,39.94388000000001,116.374305,121.79962183043487
39.94446475666767,116.37551311342524,16,523球吧,ChIJ1yZv_wdT8DURaBVFuuh6c1M,"新街口4条南40米（近万特珠宝城）, Xicheng Qu, Beijing Shi",sport,gym,39.94453,116.372228,280.14847003751976
39.93210533957406,116.38491004896852,17,好望角,ChIJhw2a5h5T8DURN-PWNM9O4YM,北京西城区什刹海南沿甲1号,restaurants,bar,39.93217,116.38611,102.56611011922033
39.93210533957406,116.38491004896852,17,Beihai Botanical Park,ChIJxaTIneJS8DURuKBPOjSB0eA,"文津街1号, Jiao Chang Hu Tong, Xicheng Qu",leisure,park,39.931703,116.385894,95.07988952768636
39.93210533957406,116.38491004896852,17,万年青健身器材,ChIJfWp1Ph1T8DURLSdpKwb-xaQ,"地安门西大街105号,齐鲁饭店以西50米路北, Xicheng Qu, Beijing Shi",sport,gym,39.933443,116.385355,153.50336923589882
39.99849173350082,116.32169783552366,19,疯狂烤翅,ChIJqymDowRU8DURyzw99T5Jdaw,"清华大学西门北500米, Haidian Qu, Beijing Shi",restaurants,restaurant,39.998968,116.324664,258.1541203245223
39.99849173350082,116.32169783552366,19,Tsinghua University Old Age Activity Center,ChIJuyzOn6dW8DUR4wzlmftDJOA,"X8WF+VCX, Haidian District",leisure,museum,39.997242,116.323618,214.62690523743407
39.99492597797345,116.32092738442978,20,小蜜蜂恋歌房,ChIJBxdtOqlW8DURtiT4C2zGO0g,"成府路兰旗营161号, Haidian Qu, Beijing Shi",restaurants,bar,39.992599,116.319832,275.0604539481844
39.99492597797345,116.32092738442978,20,清华大学二附中体育场,ChIJR5FEwadW8DUReLL3b55dUgw,"X8WF+97F, Haidian District",leisure,stadium,39.99594,116.323165,221.4657993556129
39.90770947348501,116.4723294313922,21,COSTA金地中心店,ChIJabjM66yt8TURG81aulNYn9k,"建国路91号, 金地中心B座, Chaoyang Qu",restaurants,cafe,39.909253,116.474632,260.8241498203506
39.90770947348501,116.4723294313922,21,万达国际电影城,ChIJMyjzDaut8TURMcV8GA_50JM,"93 Jian Guo Lu, Da Wang Lu, Chaoyang Qu",leisure,movie_theater,39.90928,116.471502,188.3565577900928
39.90770947348501,116.4723294313922,21,WILL'S Fitness,ChIJzeEClKut8TURD6xZjTkd6zE,"WF5C+2GX, Jianwai Street, Chaoyang",sport,gym,39.907611,116.471352,84.08644641682677
39.9517112743745,116.8016428071561,22,Huiniangjia,ChIJmyrVTlJ18TUR7Ep--UmxgNg,"Xue Yuan Da Jie, Sanhe Shi, Langfang Shi",restaurants,restaurant,39.951987,116.800835,75.37501906999476
39.9517112743745,116.8016428071561,22,Xing'anyuan,ChIJaS4lw1F18TUReozSHN7tfQc,"Xue Yuan Da Jie, Sanhe Shi, Langfang Shi",leisure,museum,39.952035,116.804563,251.5076741282932
39.9517112743745,116.8016428071561,22,燕鑫时代健身俱乐部,ChIJWZzp-lR18TURkXPIqay19-0,"WQXX+3JQ, Sanhe, Langfang",sport,gym,39.947705,116.799097,495.5250373842593
39.94699079224053,116.78315726436225,23,韩氏蛋糕,ChIJn3zgOwig8TURX81eFanxyyA,燕郊海洋局北门西侧,restaurants,bakery,39.94791,116.78307,102.48172828338978
39.94699079224053,116.78315726436225,23,Meilianfu Living Supermarket,ChIJi7XkiAeg8TURGY6gFuJW0Mk,"Xing Gong Xi Da Jie, Sanhe Shi, Langfang Shi",leisure,shopping_mall,39.94762,116.787055,339.5529572026348
39.8630795632069,116.45665460072412,24,旮旯里的小茶馆,ChIJpYN6KY-y8TURKNhm8nCvIQ8,"吕营大街程田家园古玩市场, Chaoyang Qu, Beijing Shi",restaurants,cafe,39.863497,116.460283,313.1455840026802
39.8630795632069,116.45665460072412,24,大家美术馆,ChIJ60Mu1Y6y8TUR3tvkcVHiP-w,"千鹤年华画家城, Chaoyang Qu, Beijing Shi",leisure,museum,39.863105,116.460667,342.47365390146234
39.8630795632069,116.45665460072412,24,Chengtian Antique Cheng Art Gallery Club,ChIJLyQ7I4-y8TURcVIxV3q1auw,"十八里店, Lv Ying Da Jie, Chaoyang Qu",sport,gym,39.8641614,116.4598187,295.6374412759041
39.86380393803351,116.45427891644395,25,重庆小吃,ChIJY_XtJZCy8TUR9tsDUaEjpuE,"东三环南路, Chaoyang Qu, Beijing Shi",restaurants,cafe,39.86540600000001,116.454353,178.25359291153663
39.86380393803351,116.45427891644395,25,烟酒百货,ChIJAX0jYoWy8TUR2K9Czas0HN0,"左安路, Chaoyang Qu, Beijing Shi",leisure,shopping_mall,39.867009,116.454505,356.90911523844227
39.86380393803351,116.45427891644395,25,Chengtian Antique Cheng Art Gallery Club,ChIJLyQ7I4-y8TURcVIxV3q1auw,"十八里店, Lv Ying Da Jie, Chaoyang Qu",sport,gym,39.8641614,116.4598187,474.48727871466247
39.94560713967815,116.7949152377072,26,Zhuxiangge Tea House,ChIJJTNX1KoK8TURGZsqxvchrRI,"Xing Gong Xi Da Jie, Sanhe Shi, Langfang Shi",restaurants,cafe,39.9477475,116.7965716,276.73124376703913
39.94560713967815,116.7949152377072,26,云画廊,ChIJM6vw3KoK8TURE_aAS4tCZ_0,"行宫西大街, Sanhe Shi, Langfang Shi",leisure,museum,39.947621,116.795543,230.2370350287337
39.94560713967815,116.7949152377072,26,燕鑫时代健身俱乐部,ChIJWZzp-lR18TURkXPIqay19-0,"WQXX+3JQ, Sanhe, Langfang",sport,gym,39.947705,116.799097,426.02262140735775
39.90677455506822,116.41504374512672,27,金凤成祥,ChIJmYb7Y8pS8DURJJrc0yixgC0,"大华路口西（近黄庄）, Dongcheng Qu, Beijing Shi",restaurants,bakery,39.906154,116.416102,113.61911391437616
39.90677455506822,116.41504374512672,27,Dongdan Sports Center Tennis Hall,ChIJPXmT98pS8DUREtIn06xEGng,"108 Chong Wen Men Nei Da Jie, Dongcheng Qu",leisure,stadium,39.906766,116.416687,140.16722345958968
39.90677455506822,116.41504374512672,27,东方君悦大酒店绿洲健身房,ChIJ-7gW7stS8DURRpW2-u2sUB8,"东方广场, 1 Dong Chang An Jie, Dongcheng Qu, Beijing Shi",sport,gym,39.909805,116.414513,339.99782204848606
39.90253871167928,116.40972260503848,28,Laoxiang Midnight Bar,ChIJ0fm2VbdS8DURcFQO4KDuQ-Y,"东交民巷甲23号东交民巷饭店, Dong Jiao Min Xiang, Dongcheng Qu",restaurants,bar,39.902743,116.407738,170.80743609757056
39.90253871167928,116.40972260503848,28,首都大酒店游泳馆,ChIJ70W_yrBS8DUR1nsRRKXdWUs,"前门东大街3号首都大酒店, Dongcheng Qu, Beijing Shi",leisure,stadium,39.901803,116.409006,102.12301054434636
39.90253871167928,116.40972260503848,28,健身场,ChIJY8gHFLFS8DURlLnhIi7pT7c,"前门东大街,与正义路路口以西50米路南, Dongcheng Qu, Beijing Shi",sport,gym,39.90007499999999,116.411684,321.00448585964665
39.90164268819777,116.40795466019846,29,Laoxiang Midnight Bar,ChIJ0fm2VbdS8DURcFQO4KDuQ-Y,"东交民巷甲23号东交民巷饭店, Dong Jiao Min Xiang, Dongcheng Qu",restaurants,bar,39.902743,116.407738,123.7372695874047
39.90164268819777,116.40795466019846,29,首都大酒店游泳馆,ChIJ70W_yrBS8DUR1nsRRKXdWUs,"前门东大街3号首都大酒店, Dongcheng Qu, Beijing Shi",leisure,stadium,39.901803,116.409006,91.4367183726966
39.90164268819777,116.40795466019846,29,健身场,ChIJY8gHFLFS8DURlLnhIi7pT7c,"前门东大街,与正义路路口以西50米路南, Dongcheng Qu, Beijing Shi",sport,gym,39.90007499999999,116.411684,362.75636721796207
39.94113149114521,116.3471065697308,30,金柜,ChIJZ9zV0cpT8DURy_jQVMZ0NH8,"西直门外大街135号展览馆宾馆8楼, Xicheng Qu, Beijing Shi",restaurants,bar,39.9419,116.346338,107.68348003511352
39.94113149114521,116.3471065697308,30,金柜,ChIJZ9zV0cpT8DURy_jQVMZ0NH8,"西直门外大街135号展览馆宾馆8楼, Xicheng Qu, Beijing Shi",leisure,night_club,39.9419,116.346338,107.68348003511352
39.94113149114521,116.3471065697308,30,Tera Wellness Club,ChIJ62wJ7LRT8DURWbTtpb2ycQQ,"1 Xi Zhi Men Wai Da Jie, Xicheng Qu",sport,gym,39.941017,116.3527942,485.05941126809614
39.99496087429271,116.31830096557756,31,银梦西餐酒吧,ChIJG3yxhqVW8DURAOAkyT724D8,"X8W8+QH5, Haidian District",restaurants,bar,39.996877,116.316481,263.49933150226224
39.99496087429271,116.31830096557756,31,小蜜蜂恋歌房,ChIJBxdtOqlW8DURtiT4C2zGO0g,"成府路兰旗营161号, Haidian Qu, Beijing Shi",leisure,night_club,39.992599,116.319832,293.2316908339126
39.94839091055503,116.7987063221134,32,Zhuxiangge Tea House,ChIJJTNX1KoK8TURGZsqxvchrRI,"Xing Gong Xi Da Jie, Sanhe Shi, Langfang Shi",restaurants,cafe,39.9477475,116.7965716,195.5334496478478
39.94839091055503,116.7987063221134,32,Lieyan Entertainment Town,ChIJlXpU2FR18TURvhv8i_UJiAw,"Xing Gong Xi Da Jie, Sanhe Shi, Langfang Shi",leisure,night_club,39.94778830000001,116.7976796,110.22822987273392
39.94839091055503,116.7987063221134,32,燕鑫时代健身俱乐部,ChIJWZzp-lR18TURkXPIqay19-0,"WQXX+3JQ, Sanhe, Langfang",sport,gym,39.947705,116.799097,83.22386046243844
39.9391765637945,116.31595886649394,33,军乐食府,ChIJDWi8DIVR8DURnbgN5Nx9IKE,"Zizhu Bridge, Haidian District",restaurants,restaurant,39.938889,116.316667,68.31786964928142
39.9391765637945,116.31595886649394,33,金紫竹文化苑有限公司,ChIJtQ0liYVR8DURFGKS2poDBNM,"紫竹院路, Haidian Qu, Beijing Shi",leisure,night_club,39.939279,116.317047,93.46670902831517
39.9391765637945,116.31595886649394,33,Hosa Fitness,ChIJNxYS-o9R8DUR8XgyTcmG28g,"豪柏大厦, 50 Xi San Huan Bei Lu, Zi Zhu Qiao, Haidian Qu",sport,gym,39.9393968,116.3135094,210.26286699936148
39.93954886928156,116.31052858165044,34,一日千里歌城,ChIJ61vXepBR8DURjQM5KbGAZ-4,"昌运宫3号楼, Haidian Qu, Beijing Shi",restaurants,bar,39.939991,116.310757,52.87920628520948
39.93954886928156,116.31052858165044,34,一日千里歌城,ChIJ61vXepBR8DURjQM5KbGAZ-4,"昌运宫3号楼, Haidian Qu, Beijing Shi",leisure,night_club,39.939991,116.310757,52.87920628520948
39.93954886928156,116.31052858165044,34,Hosa Fitness,ChIJNxYS-o9R8DUR8XgyTcmG28g,"豪柏大厦, 50 Xi San Huan Bei Lu, Zi Zhu Qiao, Haidian Qu",sport,gym,39.9393968,116.3135094,254.6940885131565
39.93671581409328,116.32283218198408,35,星巴克,ChIJvV5tiCdS8DURk7ExqOqypF8,首体南路9号主语国际4号楼1楼东南角(地铁白石桥南站A口出20米即是),restaurants,cafe,39.9353179,116.3250407,244.16859881434323
39.93671581409328,116.32283218198408,35,紫竹院公园南门,ChIJQwf8r4dR8DURPlCDP4x9xzo,"紫竹院路, Haidian Qu, Beijing Shi",leisure,park,39.939522,116.322765,312.08664254276044
39.93671581409328,116.32283218198408,35,新世纪饭店健身中心,ChIJQbVNvidS8DURhq6xd7bBtbA,"2 Shou Du Ti Yu Guan Nan Lu, Haidian Qu",sport,gym,39.9353433,116.3265245,349.8508980567488
39.95088966155695,116.3286771550051,36,大鸭梨烤鸭店,ChIJsQF60nhR8DUR1reMXW9PaaI,"大慧寺路乙18号, Haidian Qu",restaurants,restaurant,39.9505349,116.3259761,233.59773866035204
39.95088966155695,116.3286771550051,36,气象学院体育场,ChIJDz5CotZT8DURKxWr5t29AqE,"X82H+8Q5, Haidian District",leisure,stadium,39.950766,116.32947,68.96810626869306
39.95088966155695,116.3286771550051,36,Siji Sunny Leisure Fitness Club,ChIJZcq55NBT8DURll4OFdDqjYQ,"19 Da Hui Si Lu, Bei Xia Guan, Haidian Qu",sport,gym,39.95229399999999,116.332883,391.0415276917544
40.00526817890027,116.30339001609713,37,Fuyuanmen,ChIJ3xYX7rhW8DURUokyLhIbouQ,"2833+575, Haidian District",restaurants,restaurant,40.00288299999999,116.303248,265.4958696897433
40.00526817890027,116.30339001609713,37,石舫遗迹,ChIJbVIp2L1W8DURYya5Cl982vE,"2844+MX2, Haidian District",leisure,tourist_attraction,40.006635,116.30739,373.0536727156748
40.01150137893404,116.3015951252044,38,Yuanmingyuan Park,ChIJ09grWqdW8DURTB0kM62Vn_A,"Haidian District, Beijing",leisure,tourist_attraction,40.0080982,116.2982148,475.4822613499717
39.92250919048968,116.36013396375374,39,金百万烤鸭店西城店,ChIJ3bKvYFtS8DURDOs85qX9khI,"阜内大街290号, Xicheng Qu, Beijing Shi",restaurants,restaurant,39.923578,116.361879,190.44407019467656
39.92250919048968,116.36013396375374,39,Songshuang Department Store,ChIJrzw6ZFtS8DUR7JOiuc1eidM,"阜成门内大街甲284, Fu Cheng Men Nei Da Jie, Xicheng Qu",leisure,shopping_mall,39.9235829,116.3623361,222.52945071525795
39.92250919048968,116.36013396375374,39,福浽境街文化健身园,ChIJd3WGaERS8DURvR7ZJxfMKFg,"阜成门北顺城街, Xicheng Qu, Beijing Shi",sport,gym,39.925615,116.356636,456.33699016036
39.92236413725399,116.35253901688448,40,Be For Time Tea House,ChIJIassokFS8DURzlS7rNS-JZQ,"1-3 Nan Li Shi Lu, Xicheng Qu",restaurants,cafe,39.922812,116.352795,54.37442295093432
39.92236413725399,116.35253901688448,40,京城射箭馆,ChIJB9pb1ENS8DUR6UyNppeuBRg,"W9F3+4VP, Xicheng District",leisure,stadium,39.922831,116.354708,192.1110267034548
39.92236413725399,116.35253901688448,40,宝迪沃英派斯健身中心阜成门店,ChIJ9_TJYEFS8DURyaxmL_Vtqnk,"阜成门外大街,华联商厦内,万通新世界商城北侧, Xicheng Qu, Beijing Shi",sport,gym,39.92392399999999,116.354118,219.57938208104056
39.908431063993866,116.36822156292313,41,相约酒吧,ChIJWwG0yHxS8DURGz42pCWIAWQ,"复兴门内大街62号,与佟麟阁路交岔口以东约150米路南, Xicheng Qu, Beijing Shi",restaurants,bar,39.906876,116.368092,173.26825323266465
39.908431063993866,116.36822156292313,41,Cultural Palace of Nationalities,ChIJzdExImNS8DUR7fnnVC4MnAc,"49 Fu Xing Men Nei Da Jie, Xicheng Qu, Beijing Shi",leisure,tourist_attraction,39.90820900000001,116.369134,81.64925070738983
39.908431063993866,116.36822156292313,41,浩沙健身,ChIJ_XUn7mJS8DUR-xtl8zSDNgs,"19 Hua Yuan Jie, Xicheng Qu",sport,gym,39.9086209,116.370243,173.70457746722758
31.168712409946234,121.39412068682796,42,Gloria Jean's Coffees,ChIJXQWlkmBksjUR6Pn5qyW49Oc,"Hong Mei Lu, Xuhui Qu",restaurants,cafe,31.16949499999999,121.396291,224.07807869955232
31.168712409946234,121.39412068682796,42,Yinfa Wuyou Old Age Life Home,ChIJqUKBHmFksjURjQc8rKRBZys,"1658 Gu Mei Lu, Xuhui Qu",leisure,amusement_park,31.168072,121.395953,188.31668057149705
31.168712409946234,121.39412068682796,42,新兴网球沙龙,ChIJc12d1l9ksjURHOMu-sQr3us,"宜山路1101号, Xuhui Qu, Shanghai Shi",sport,gym,31.17064199999999,121.397402,378.8152653663917
31.17139794226256,121.3931038364106,43,山水茶楼,ChIJuQbDsWdksjURhgFgmWgx_pU,"莲花路1733号15F, Minhang Qu, Shanghai Shi",restaurants,cafe,31.170122,121.390556,280.8734800740354
31.17139794226256,121.3931038364106,43,联谊会,ChIJefBG_mZksjURzhDdUkvLzB8,"莲花路1728号, Minhang Qu, Shanghai Shi",leisure,night_club,31.169271,121.391609,275.9745083157728
31.17139794226256,121.3931038364106,43,新兴网球沙龙,ChIJc12d1l9ksjURHOMu-sQr3us,"宜山路1101号, Xuhui Qu, Shanghai Shi",sport,gym,31.17064199999999,121.397402,417.4830735238718
31.194918307991323,121.43642306715611,44,Croissants De France,ChIJ-eBZ3jZlsjURsT_pS22bj7k,"2068 Hua Shan Lu, Xuhui Qu",restaurants,bakery,31.196829,121.437416,232.5054393178692
31.194918307991323,121.43642306715611,44,Grand Gateway Shanghai,ChIJT1CuIzFlsjURTEQJ2CzP3FA,China,leisure,shopping_mall,31.1944205,121.4372385,95.28859840581468
31.194918307991323,121.43642306715611,44,邱艳舞蹈培训中心,ChIJmRu_3jZlsjURsvo8vxrdoTc,"汇银广场, 2088 Hua Shan Lu, Xu Jia Hui, Xuhui Qu",sport,gym,31.1973273,121.4372011,277.9025436995786
31.196622243437123,121.4328311640126,45,85 degrees C,ChIJ8ay4VDdlsjURwe7xcEUuycw,"广元西路98号名仕1楼第98-8室, Xuhui Qu, Shanghai Shi",restaurants,restaurant,31.195943,121.434126,144.47443684177964
31.196622243437123,121.4328311640126,45,Leshan Greenland,ChIJ32DXSTplsjURKb3bjs84FI0,"37 Le Shan Lu, Jiao Tong Da Xue, Xuhui Qu",leisure,park,31.195874,121.431825,126.81225660940436
31.196622243437123,121.4328311640126,45,邱艳舞蹈培训中心,ChIJmRu_3jZlsjURsvo8vxrdoTc,"汇银广场, 2088 Hua Shan Lu, Xu Jia Hui, Xuhui Qu",sport,gym,31.1973273,121.4372011,422.9770656158282
31.22103364088966,121.41560684201632,46,马车道,ChIJHVK9O2RlsjUR_lfZJr9kU0w,"Hui Chuan Lu, Zhong Shan Gong Yuan, Changning Qu",restaurants,bar,31.22033699999999,121.416107,90.8985694537847
31.22103364088966,121.41560684201632,46,双人沙发映画社,ChIJ14yUTmRlsjURjaIYof5NzUU,"凯旋路166号凯旋坊9幢, Changning Qu, Shanghai Shi",leisure,art_gallery,31.22010799999999,121.415152,111.64504071058592
31.22103364088966,121.41560684201632,46,Xingzhi Fitness,ChIJR1prYmZlsjURelKqL_fMNPs,"988 Chang Ning Lu, Zhong Shan Gong Yuan, Changning Qu",sport,gym,31.2188121,121.4180317,337.9210248904988
31.224985915069976,121.42211790394312,47,Baiweilin,ChIJ6-tMSGBlsjURmvPvguIZtOw,"1465 Wan Hang Du Lu, Changning Qu",restaurants,bakery,31.22460499999999,121.420458,163.42028314276317
31.224985915069976,121.42211790394312,47,Zhongshan Park （North Gate 2）,ChIJoZ9xBmFlsjURrSbXBk-T1Bo,"1550 Wan Hang Du Lu, Zhong Shan Gong Yuan, Changning Qu",leisure,park,31.223446,121.419306,317.5076962024885
31.224985915069976,121.42211790394312,47,白玉健身室,ChIJQfDA9opvsjURCUQiia1F4NY,"隆德路157弄, Putuo Qu, Shanghai Shi",sport,gym,31.227771,121.420185,360.1192560838832
31.223264372717228,121.4222963456096,48,Baiweilin,ChIJ6-tMSGBlsjURmvPvguIZtOw,"1465 Wan Hang Du Lu, Changning Qu",restaurants,bakery,31.22460499999999,121.420458,229.7368275285533
31.223264372717228,121.4222963456096,48,Zhongshan Park （North Gate 2）,ChIJoZ9xBmFlsjURrSbXBk-T1Bo,"1550 Wan Hang Du Lu, Zhong Shan Gong Yuan, Changning Qu",leisure,park,31.223446,121.419306,285.06473122506986
31.223264372717228,121.4222963456096,48,英派斯健身,ChIJXdsfbl5lsjURmjGDOzQe4VU,Changning District,sport,gym,31.220367,121.424629,391.14807169181466
31.224092311278195,121.42070798766916,49,Baiweilin,ChIJ6-tMSGBlsjURmvPvguIZtOw,"1465 Wan Hang Du Lu, Changning Qu",restaurants,bakery,31.22460499999999,121.420458,61.76580882038191
31.224092311278195,121.42070798766916,49,上海市长宁区伟岸杂货商店,ChIJt6HopWFlsjURfaZ9QLCJ6yk,"万航渡路1542号, Changning Qu, Shanghai Shi",leisure,shopping_mall,31.22414999999999,121.419117,151.41983853360824
31.224092311278195,121.42070798766916,49,Shanghai Jianlibao Jianmei Leyuan Changning Branch Daochang,ChIJPTlE02BlsjURHzjZT6gGiV0,"780 Chang Ning Lu, Changning Qu",sport,gym,31.2208274,121.420467,363.764582872527
31.23083814678992,121.46992193126052,50,Costa Coffee,ChIJdSVM0GpwsjURehzrLqwat_U,"Xian Le Si Guang Chang, 1F, 388 Nan Jing Xi Lu, Huangpu Qu",restaurants,cafe,31.2313474,121.4690841,97.73723293621568
31.23083814678992,121.46992193126052,50,CIROS plaza,ChIJK9bKxGpwsjURnCw_kRAyFcQ,"388 Nan Jing Xi Lu, Huangpu Qu",leisure,shopping_mall,31.2312158,121.469416,63.85506936362189
31.23083814678992,121.46992193126052,50,海仑健身俱乐部,ChIJSbCC3BRwsjUR51aqg1VwcbA,"6FJ8+8X2, Nanjing West Road, Huangpu",sport,gym,31.230772,121.467396,240.2814714576345
31.23682316930368,121.47153807020784,51,王朝(酒品店NO.1),ChIJs3U-OkFwsjUR2EZZZTAOd5E,"61号甲 Bei Jing Xi Lu, Huangpu Qu",restaurants,liquor_store,31.236944,121.47233,76.48227548471833
31.23682316930368,121.47153807020784,51,Lavipeditum Card & Chess Room,ChIJDRVqlEBwsjURwsPLnSNhsNQ,"240 Huang He Lu, Huangpu Qu",leisure,casino,31.236869,121.469646,179.9611958959693
31.23682316930368,121.47153807020784,51,亚力山大会馆,ChIJnZuxYUZwsjURBDPBpQ3rKO8,"728 Xi Zang Zhong Lu, Huangpu Qu",sport,gym,31.240188,121.472959,397.7942600890034
31.237392156572703,121.47551743600388,52,The Lounge,ChIJf7adUEFwsjUR7EB7qfXw_gI,"555 Xi Zang Zhong Lu, Huangpu Qu",restaurants,bar,31.2366299,121.4735176,208.17124420342228
31.237392156572703,121.47551743600388,52,Great Shanghai Cinema,ChIJkWlt4ENwsjURXHvWgzdIbd8,"500 Xi Zang Zhong Lu, Nan Jing Lu, Huangpu Qu",leisure,movie_theater,31.236004,121.474266,194.89036405237795
31.237392156572703,121.47551743600388,52,亚力山大会馆,ChIJnZuxYUZwsjURBDPBpQ3rKO8,"728 Xi Zang Zhong Lu, Huangpu Qu",sport,gym,31.240188,121.472959,394.7328895657889
31.23898873941064,121.47907850530449,53,宜芝多,ChIJ0fNSc1twsjURAGUSK6XYcaE,"Shang Hai Zhi Di Guang Chang, 409 Nan Jing Lu Bu Xing Jie, Huangpu Qu",restaurants,restaurant,31.2381387,121.4778388,151.0820542342876
31.23898873941064,121.47907850530449,53,金逸国际影城,ChIJF37II1twsjURM1Hb07bak1w,"Tian Jin Lu, Huangpu Qu",leisure,movie_theater,31.2374735,121.4811008,255.6455627232677
31.23898873941064,121.47907850530449,53,索菲特海仑宾馆健身中心,ChIJ2TG4OlpwsjUR1PRE0Fad6TE,"505 Nan Jing Lu Bu Xing Jie, Nan Jing Lu, Huangpu Qu",sport,gym,31.2358036,121.4808586,392.53092778328016
39.88312531769558,116.45335865937462,54,茅台集团,ChIJUYuyQmSt8TURn0RtfSiBeHQ,"广和东街, Chaoyang Qu, Beijing Shi",restaurants,liquor_store,39.883581,116.451098,199.43640360604127
39.88312531769558,116.45335865937462,54,明珠商场,ChIJV8-LXWSt8TURKn2mwQRg4jA,"劲松南路, Chaoyang Qu, Beijing Shi",leisure,shopping_mall,39.883484,116.451366,174.64042929854094
39.88312531769558,116.45335865937462,54,Chaoyang Kangti Center,ChIJx8q-Pnut8TURtq5x71scE4I,"劲松中街四区405楼甲朝阳区社区服务中心甲楼, Jing Song Zhong Jie, Chaoyang Qu",sport,gym,39.8826003,116.4560388,236.02052589651652
39.87925609054656,116.42860250028782,55,马兰拉面快餐连锁有限责任公司龙潭湖连锁店,ChIJDwa3iKiy8TURg4XGShrrJao,"龙潭路1号, Dongcheng Qu, Beijing Shi",restaurants,restaurant,39.879954,116.430375,169.99521948775268
39.87925609054656,116.42860250028782,55,Longtan Xihu Park （West Gate）,ChIJsd6dBqmy8TURG5gX8wp5P-Q,"龙潭西里对面, Long Tan Xi Li, Dongcheng Qu",leisure,park,39.880569,116.427756,162.8811001321862
39.87925609054656,116.42860250028782,55,Fitness Center of National Sports General Bureau Training Center,ChIJYc5T6Vet8TURfQKMyxZ32oE,"体育馆路甲2号, Ti Yu Guan Lu, Dongcheng Qu",sport,gym,39.8836747,116.4282173,492.4258209458116
39.87310822297337,116.43301601967508,56,原始森林,ChIJ8ch_VaGy8TURHacOMvMQAJc,"19 Zuo An Men Nei Da Jie, Dongcheng Qu",restaurants,restaurant,39.87218,116.43284,104.3011788429778
39.87310822297337,116.43301601967508,56,Beijing Teenagers Science & Technology Museum,ChIJ_3gE76Sy8TUR0aPGLgJPbcM,"11 Zuo An Men Xi Jie, Dongcheng Qu",leisure,museum,39.873513,116.435041,178.57351824944985
39.87310822297337,116.43301601967508,56,Youji Lotus Yoga Fangzhuang Assembly Hall,ChIJsRuc87qy8TUR8W3PWISibzg,"芳城园一区17号日月天地B座3102室, Zuo An Men Xi Bin He Lu, Fengtai Qu",sport,gym,39.8705431,116.4329023,285.3941183977649
39.86466881513416,116.42963725044837,57,麦咖啡,ChIJx0jhnLey8TURtOkxlQ-iwiU,"Pu Fang Lu, Fang Zhuang, Fengtai Qu",restaurants,cafe,39.865684,116.4303436,127.9729330463557
39.86466881513416,116.42963725044837,57,Beijing Fangzhuang Shopping Center,ChIJfyyhurey8TURHqSHs8TsrpI,"24 Pu Fang Lu, Fang Zhuang, Fengtai Qu",leisure,shopping_mall,39.865567,116.4289883,114.2036385278626
39.86466881513416,116.42963725044837,57,Fitness First,ChIJPdfF47qy8TURask1oZBvtX8,"VC8M+972, Fangzhuang, Fengtai District",sport,gym,39.865898,116.433126,327.6298923975944
39.86458234565218,116.42698582536232,58,味多美,ChIJdxc_s7ey8TURJ36ywI7m-dU,"蒲方路, 方庄环岛购物中心一层, Fengtai Qu",restaurants,bakery,39.8654831,116.4279901,131.82827204546956
39.86458234565218,116.42698582536232,58,北京中侨免税外江商场,ChIJZelqSbay8TURrrHQGo8YAHE,"蒲芳路, Fengtai Qu, Beijing Shi",leisure,shopping_mall,39.865496,116.427788,122.50995483388866
39.86458234565218,116.42698582536232,58,Liangzi Foot Massage,ChIJ1wrTwrWy8TURO3IBp8VS9gE,"Pu Fang Lu, Fang Zhuang, Fengtai Qu",sport,gym,39.86595519999999,116.4241851,283.62314098278705
39.87483236175549,116.43539246833856,59,Daoxiangcun,ChIJueUWyKOy8TURwb6KRGBKh_w,"73 Zuo An Men Nei Da Jie, Dongcheng Qu",restaurants,bakery,39.874477,116.4393878,343.2299139772752
39.87483236175549,116.43539246833856,59,Beijing Teaching Botanical Garden （Northwest Gate）,ChIJAeeCcqSy8TURPZov_XAG6E4,"Zuo An Men Nei Da Jie, Dongcheng Qu",leisure,tourist_attraction,39.875511,116.435979,90.55176012248316
39.87441273395594,116.43713654525862,60,Daoxiangcun,ChIJueUWyKOy8TURwb6KRGBKh_w,"73 Zuo An Men Nei Da Jie, Dongcheng Qu",restaurants,bakery,39.874477,116.4393878,192.24773017229657
39.87441273395594,116.43713654525862,60,Beijing Teaching Botanical Garden （Northwest Gate）,ChIJAeeCcqSy8TURPZov_XAG6E4,"Zuo An Men Nei Da Jie, Dongcheng Qu",leisure,tourist_attraction,39.875511,116.435979,157.07103417436463
39.878904461790015,116.43660288255882,61,Shanshui Jian Lamb Spine Hot Pot,ChIJsVscX6ey8TUR-igg8z58gWw,"22 Long Tan Lu, Dongcheng Qu",restaurants,restaurant,39.881155,116.435896,257.4154954128883
39.878904461790015,116.43660288255882,61,娱乐城堡,ChIJma042Kay8TURs8sprnXk51Y,"北京游乐园内, Dongcheng Qu, Beijing Shi",leisure,night_club,39.878687,116.436267,37.49902468123782
39.878904461790015,116.43660288255882,61,灵水泉健康中心,ChIJQQ06n1-t8TURS4I1F4nA_UE,"龙潭路, Dongcheng Qu, Beijing Shi",sport,gym,39.88127599999999,116.440365,415.4440053455076
39.96060371670033,116.32903290344557,62,味多美网络订购,ChIJoamoBNlT8DUR4NArro1ghjo,"中关村南大街12号, Haidian Qu, Beijing Shi",restaurants,restaurant,39.95840400000001,116.328287,252.72451408905783
39.96060371670033,116.32903290344557,62,Library,ChIJo02Nv9hT8DUR5vnxyzlL-eI,"X85G+RHJ, Haidian District",leisure,museum,39.95958,116.326377,253.3732460255304
39.96060371670033,116.32903290344557,62,Tianxia Hotel Fitness Billiards,ChIJn1f6F95T8DURDSeawZn_Oao,"Li Ba Fang Lu, Bei Xia Guan, Haidian Qu",sport,gym,39.963935,116.3294336,371.9932050371254
39.93695245592191,116.33390053792304,63,茗立茶艺馆,ChIJr3LdbC5S8DURNdeuRn8RyoY,"西外大街141号, Xicheng Qu, Beijing Shi",restaurants,cafe,39.938616,116.33519,215.1812007304504
39.93695245592191,116.33390053792304,63,Weilan Yihai'an Night Club,ChIJC72-3y5S8DURO8-i_fpBqjg,China,leisure,night_club,39.937814,116.332212,172.9237561368397
39.93695245592191,116.33390053792304,63,Beijing Isis International Beauty & Fitness Club,ChIJm2Uyg2BR8DUR5klOtp6SdUA,"中关村南大街甲56号方圆大厦商务楼2-3层, Zhong Guan Cun Nan Da Jie, Haidian Qu",sport,gym,39.939034,116.330355,380.720862872715
39.94213933546512,116.33300713895348,64,Chongqing Snack,ChIJgzLFsy5S8DURZChVtmRyBko,"Xi Zhi Men Wai Da Jie Fu Lu, Dong Wu Yuan, Xicheng Qu",restaurants,restaurant,39.939581,116.33117,324.74082972682464
39.94213933546512,116.33300713895348,64,小动物爱心俱乐部,ChIJ-cUj8CxS8DURmX1_ql2eD9E,"西直门外大街137号动物园院内, Xicheng Qu, Beijing Shi",leisure,night_club,39.94291200000001,116.332955,86.03140219300724
39.94213933546512,116.33300713895348,64,Beijing Isis International Beauty & Fitness Club,ChIJm2Uyg2BR8DUR5klOtp6SdUA,"中关村南大街甲56号方圆大厦商务楼2-3层, Zhong Guan Cun Nan Da Jie, Haidian Qu",sport,gym,39.939034,116.330355,412.7407738829346
39.90242041234541,116.42123382874244,65,Xinqiao Sapporo West Restaurant,ChIJAwM187RS8DURGN4fJnbbuqY,"2 Dong Jiao Min Xiang, Dongcheng Qu",restaurants,restaurant,39.9019429,116.4175343,320.01392361080696
39.90242041234541,116.42123382874244,65,Fuyuanwei Supermarket,ChIJ13_7ukqt8TURJ32xKf-07_s,"8 Chuan Ban Hu Tong, Dongcheng Qu",leisure,shopping_mall,39.90355299999999,116.4203025,148.90164300787347
39.90242041234541,116.42123382874244,65,Otso Fitness,ChIJ3WOSYkut8TURhz-gy7sXn90,"78 Guo Rui Bei Lu, Chong Wen Men, Dongcheng Qu",sport,gym,39.89923700000001,116.421468,354.5429881502748
40.01255846428572,116.47611277466449,66,鹤一,ChIJ1fq4FGSq8TURnKF5dvKdWi4,China,restaurants,cafe,40.01199,116.473698,215.1494956044917
40.01255846428572,116.47611277466449,66,Beijing Old Age Activity Center,ChIJ_xbgqmaq8TUR9xBeuLWINlo,"Li Ze Zhong Er Lu, Wang Jing, Chaoyang Qu",leisure,museum,40.010952,116.472595,348.80573435694095
40.01255846428572,116.47611277466449,66,Beijing Jingshi Health Sports Center,ChIJv9UA9maq8TURcgLNmcKPViE,"来广营, Li Ze Zhong Jie, Chaoyang Qu",sport,gym,40.0089579,116.4754256,404.6199410152092
40.00942854459135,116.47218666045671,67,味中天酒楼,ChIJ8dDRKmeq8TURy1SCgkFO17I,"Guang Ze Lu, Wang Jing, Chaoyang Qu",restaurants,restaurant,40.0084838,116.4724085,106.73650858382416
40.00942854459135,116.47218666045671,67,Qiushi Xinpu Tennis Hall,ChIJy_Lesmaq8TUR0SrdZMDLO3I,"Li Ze Zhong Er Lu, Wang Jing, Chaoyang Qu",leisure,stadium,40.01036999999999,116.472576,109.81134587151055
40.00942854459135,116.47218666045671,67,Beijing Jingshi Health Sports Center,ChIJv9UA9maq8TURcgLNmcKPViE,"来广营, Li Ze Zhong Jie, Chaoyang Qu",sport,gym,40.0089579,116.4754256,280.7771930225993
40.129240440015,116.48559934231332,68,Chunhuiyuan Resort Robust Center,ChIJecrBnZgD8TURfxZHy3C6jRE,"4FHR+Q43, Shunyi District",leisure,stadium,40.129387,116.490296,399.6368274628875
39.99962656569151,116.33312904237778,69,Judian Coffee,ChIJCxME0xlU8DURuRWXzNB5w_E,"学研大厦, Shuang Qing Lu, Haidian Qu",restaurants,cafe,39.9987391,116.3359972,263.49055111969034
39.99962656569151,116.33312904237778,69,Tsinghua University Art Museum,ChIJ6Q0CNBhU8DUR-tDqpsEDL4I,"清华大学内, Haidian Qu, Beijing Shi",leisure,tourist_attraction,39.99944,116.335617,212.93955158070327
39.99962656569151,116.33312904237778,69,Sailebao Billiards,ChIJnTmZMBpU8DURiq9RDh2ZJWw,"88 Shuang Qing Lu, Haidian Qu",sport,gym,39.9962023,116.3342406,392.3579056764908
39.91134505055555,116.42809953166666,70,Xi'an Snacks,ChIJtdoE6S-t8TURJOmtK_o-FCo,"Dong Zong Bu Hu Tong, Chao Yang Men, Dongcheng Qu",restaurants,restaurant,39.912246,116.429944,186.5056492570624
39.91134505055555,116.42809953166666,70,长安电影院,ChIJC23k_TCt8TURICzpp15vmko,"建国门大街7号, Dongcheng Qu, Beijing Shi",leisure,movie_theater,39.90915800000001,116.428305,243.8198952382825
39.91134505055555,116.42809953166666,70,Beijing International Hotel Fitness Center,ChIJ4WfuWzCt8TURRj_M47rZG3w,"9 Jian Guo Men Nei Da Jie, Chao Yang Men, Dongcheng Qu",sport,gym,39.90979799999999,116.428296,172.8386576927334
40.09313325279405,116.08223118326862,72,Beijing Fenghuangling Nature Park （South Gate）,ChIJxRQZtKZf8DURzeqhyw-WAdE,"33WM+8H8, Haidian District",leisure,park,40.095781,116.083944,328.49426992347594
40.09964573372153,116.0739587706004,75,Jin'gang Stone Pagoda,ChIJ5ZRE5qJf8DURUuRV2kgPkRI,"432H+3CW, Haidian District",leisure,tourist_attraction,40.100234,116.078577,398.21532633244993
40.09941871669398,116.07803107198497,76,Jin'gang Stone Pagoda,ChIJ5ZRE5qJf8DURUuRV2kgPkRI,"432H+3CW, Haidian District",leisure,tourist_attraction,40.100234,116.078577,101.8555983876718
40.10064452926588,116.08318968948412,77,Huangpuyuan,ChIJs67l0aFf8DURSUJLACrZqYA,"33XP+X4F, Haidian District",leisure,tourist_attraction,40.099948,116.085287,194.4750051789098
40.102581033456126,116.0837872067719,78,Biyutan,ChIJfQ4bZZ5f8DURFQvCMtz1rc8,"433P+PGV, Haidian District",leisure,tourist_attraction,40.104351,116.086299,290.4702692181911
40.1049505577591,116.08595332175072,79,Biyutan,ChIJfQ4bZZ5f8DURFQvCMtz1rc8,"433P+PGV, Haidian District",leisure,tourist_attraction,40.104351,116.086299,72.86257867495692
40.10351046498203,116.09215971319696,80,蒙古包,ChIJleBZqXZf8DURDpS7-L7IvKA,"凤凰岭自然风景区, Haidian Qu, Beijing Shi",restaurants,restaurant,40.10341400000001,116.094194,173.35065323383031
40.10351046498203,116.09215971319696,80,Phoenix Ridge natural scenic South Gate,ChIJpQR1HnVf8DUR1nIUqLE5jRI,"聂各庄, Haidian Qu, Beijing Shi",leisure,tourist_attraction,40.10046000000001,116.091554,343.08670110963874
40.124366886370574,116.1859376909595,81,蜀乡悦食府,ChIJZ1dd9K738DURvIOqD-qFbvI,"沙阳路, Haidian Qu, Beijing Shi",restaurants,restaurant,40.125435,116.190819,431.68985786713233
40.069829081652685,116.31341148506114,82,Xiaosichuan Restaurant,ChIJNzW8iK_48DURHhWkecgk-AQ,"Hui Long Guan Bei Lu, Changping Qu",restaurants,restaurant,40.072167,116.313424,259.9672075200639
40.069829081652685,116.31341148506114,82,Xinshixian Movie Bar,ChIJ0cVD4qX48DUR8Y1dp2NpURk,"3896+RV6, Changping District",leisure,casino,40.069526,116.312148,112.67244490427068
39.89471208809332,116.31471119828764,83,吉野家,ChIJ8YHgehJO8DURr5C-37GNm5U,"V8W6+2XH, Haidian District",restaurants,restaurant,39.89506,116.31249,193.4021186665833
39.89471208809332,116.31471119828764,83,Lianhuachi Park,ChIJd4ZsDXNO8DURSQVkuXGqalw,"广外莲花池路48号, Guang Lian Lu, Fengtai Qu",leisure,tourist_attraction,39.892561,116.317436,333.54170564931906
39.96585266105505,116.31745050020032,84,Caomu Renhe Tea House,ChIJ82obLGdR8DURUjOiuRfnyBs,"1 Zhong Guan Cun Nan Da Jie, Haidian Qu",restaurants,cafe,39.96523,116.3188778,139.96375287448748
39.96585266105505,116.31745050020032,84,Beijing Science Hall,ChIJfZUH32ZR8DURJseZpFrZkfM,"1 Zhong Guan Cun Nan Da Jie, Haidian Qu",leisure,museum,39.965078,116.317754,89.93806170848215
39.96585266105505,116.31745050020032,84,Beijing Friendship Hotel Workers Club,ChIJPYM3sGdR8DURd6Qodk840eg,"47 Bei San Huan Xi Lu, Haidian Qu",sport,gym,39.9662133,116.3153216,185.8096059082124
31.29646663281832,121.54678255381138,85,天天奶茶汉堡,ChIJydn62XJ0sjURGEtVqpW1zvw,"延吉东路115弄, Yangpu Qu, Shanghai Shi",restaurants,cafe,31.295502,121.545879,137.38906340124677
31.29646663281832,121.54678255381138,85,Yangpu Bureau Of Education Retire Jiaogong Activity Center,ChIJhVX3IQ10sjURNWnzdcxpePQ,"延吉东路131弄19, Yan Ji Dong Lu, Yangpu Qu",leisure,museum,31.2935526,121.5458711,335.3998484460625
31.294010818850577,121.54584710390805,86,凡仔汉堡,ChIJidGD7Ax0sjURlwhg0Ujv4mM,"Yan Ji Dong Lu, Yangpu Qu",restaurants,restaurant,31.2936443,121.5442903,153.4357588066538
31.294010818850577,121.54584710390805,86,Yangpu Bureau Of Education Retire Jiaogong Activity Center,ChIJhVX3IQ10sjURNWnzdcxpePQ,"延吉东路131弄19, Yan Ji Dong Lu, Yangpu Qu",leisure,museum,31.2935526,121.5458711,51.002673571212085
31.302196725308644,121.50939721604938,87,Taowu Japanese Restaurant,ChIJk-pkKcdzsjURUJaE-BpVEHM,"230 Zheng Min Lu, Wu Jiao Chang, Yangpu Qu",restaurants,restaurant,31.302456,121.507592,173.91846201181832
31.302196725308644,121.50939721604938,87,上海九五会馆,ChIJs7iNosBzsjURGFAH2-PaScc,"五角场大学路33号301室, Yangpu Qu, Shanghai Shi",leisure,stadium,31.304138,121.509806,219.326265627773
31.302196725308644,121.50939721604938,87,Weider-Tera Fitness Club Chamber,ChIJ3ao8rsBzsjUR2ry1D2U24Ss,"11 Jin Chuang Lu, Yangpu Qu",sport,gym,31.304368,121.508988,244.54542407289267
31.30366201364692,121.50910891898955,88,Taowu Japanese Restaurant,ChIJk-pkKcdzsjURUJaE-BpVEHM,"230 Zheng Min Lu, Wu Jiao Chang, Yangpu Qu",restaurants,restaurant,31.302456,121.507592,196.8608782293137
31.30366201364692,121.50910891898955,88,上海九五会馆,ChIJs7iNosBzsjURGFAH2-PaScc,"五角场大学路33号301室, Yangpu Qu, Shanghai Shi",leisure,stadium,31.304138,121.509806,84.7788825907088
31.30366201364692,121.50910891898955,88,Weider-Tera Fitness Club Chamber,ChIJ3ao8rsBzsjUR2ry1D2U24Ss,"11 Jin Chuang Lu, Yangpu Qu",sport,gym,31.304368,121.508988,79.33836665990692
31.296037130000546,121.54472335864676,89,Shuangyuan Leisure Tea Workshop,ChIJDyLZv3R0sjURHWmd51afCWY,"65 Bao Tou Nan Lu, Yangpu Qu",restaurants,cafe,31.29737600000001,121.541402,348.93252483658705
31.296037130000546,121.54472335864676,89,Yangpu Bureau Of Education Retire Jiaogong Activity Center,ChIJhVX3IQ10sjURNWnzdcxpePQ,"延吉东路131弄19, Yan Ji Dong Lu, Yangpu Qu",leisure,museum,31.2935526,121.5458711,297.012946719751
31.296037130000546,121.54472335864676,89,胜佳撞球游艺,ChIJxd4I73R0sjURvRwjSfcglHc,"包头南路, Yangpu Qu, Shanghai Shi",sport,gym,31.29802699999999,121.540766,436.2784000157756
31.28837543323188,121.54962719256554,90,Shanghai Xiangtian Entertainment Limited Company,ChIJn48UGxJ0sjURsMNHsqB4UAU,"71 Kong Jiang Lu, Yangpu Qu",restaurants,bar,31.289108,121.549381,84.7505385829294
31.28837543323188,121.54962719256554,90,广一里委图书室,ChIJAb2hHRJ0sjURY37k8X3cRsk,"图们路, Yangpu Qu, Shanghai Shi",leisure,museum,31.288837,121.549326,58.76450717545221
31.28837543323188,121.54962719256554,90,Xiangtian Youyi Cheng,ChIJn48UGxJ0sjURwqY4erVk3Ac,"71 Kong Jiang Lu, Yangpu Qu",sport,gym,31.289108,121.549381,84.7505385829294
31.113726059531285,121.05107697945088,91,Fashions Bar and Lounge,ChIJc6TTRbH5sjURqX2aiTpILUA,"Zhu Hu Lu, Qingpu Qu",restaurants,bar,31.11313900000001,121.049827,135.7259656485787
31.113726059531285,121.05107697945088,91,Shanghai Zhujiajiao Ancient Town Tourist Zone,ChIJrWDlybX5sjURIN1UyXg53qM,"朱家角翔宁浜763号, Ke Zhi Yuan Lu, Qingpu Qu",leisure,tourist_attraction,31.1143702,121.053999,287.245529081485
31.112462088537704,121.05064398413302,92,Fashions Bar and Lounge,ChIJc6TTRbH5sjURqX2aiTpILUA,"Zhu Hu Lu, Qingpu Qu",restaurants,bar,31.11313900000001,121.049827,108.23438786374666
31.112462088537704,121.05064398413302,92,Book Town,ChIJeespMLT5sjUR0XwpsBA7vaA,"朱家角翔宁浜763号上海朱家角古镇旅游区课植园内, Xi Jing Jie, Qingpu Qu",leisure,tourist_attraction,31.113883,121.053012,275.2887966246706
31.1109789402368,121.0497563628299,93,Fashions Bar and Lounge,ChIJc6TTRbH5sjURqX2aiTpILUA,"Zhu Hu Lu, Qingpu Qu",restaurants,bar,31.11313900000001,121.049827,240.28214569965024
31.1109789402368,121.0497563628299,93,Hexinyuan,ChIJNYVTh7b5sjURdoJYwX4RI6g,"79 Xi Jing Jie, Qingpu Qu",leisure,tourist_attraction,31.112754,121.053551,411.6568805022818
31.11538212349495,121.04856078543898,94,Laojiefang,ChIJSYUSX7H5sjURIXc1WSR8rqE,"Zhu Hu Lu, Qingpu Qu",restaurants,restaurant,31.114079,121.049503,170.4165669843669
31.11538212349495,121.04856078543898,94,Majia Garden Kezhi Garden,ChIJ0VvzBLL5sjURdBo0zbtG2yY,Qingpu District,leisure,park,31.1149545,121.0453351,310.7367549068116
31.116848630335365,121.04602155030489,95,Laojiefang,ChIJSYUSX7H5sjURIXc1WSR8rqE,"Zhu Hu Lu, Qingpu Qu",restaurants,restaurant,31.114079,121.049503,452.42356600097713
31.116848630335365,121.04602155030489,95,Majia Garden Kezhi Garden,ChIJ0VvzBLL5sjURdBo0zbtG2yY,Qingpu District,leisure,park,31.1149545,121.0453351,220.52272807334597
31.19606727992248,121.34180731306633,96,Pacific Coffee,ChIJ4d8FL5tmsjUROhKq8KzoK8w,"虹桥国际机场1号航站楼出发公众区, Ying Bin Yi Lu, Changning Qu",restaurants,cafe,31.194077,121.346099,464.3447733088013
39.95964710142952,116.35915191190684,97,味多美,ChIJAR2q3JdT8DURlIGh5zJpOKc,"9 Xue Yuan Nan Lu, Bei Tai Ping Zhuang, Haidian Qu",restaurants,bakery,39.95820990000001,116.3585225,168.57348628269796
39.95964710142952,116.35915191190684,97,Xingjing Hongda Commerce And Trade,ChIJNTv5DL1T8DURy195voujlM0,"Wen Hui Yuan Xi Lu, Bei Tai Ping Zhuang, Haidian Qu",leisure,shopping_mall,39.9564908,116.3579505,365.5984645876581
39.95964710142952,116.35915191190684,97,浩沙健身,ChIJVSfiQZZT8DURIXznTErsiBk,"10 Xi Tu Cheng Lu, Bei Tai Ping Zhuang, Haidian Qu",sport,gym,39.961658,116.35953,225.91208786936795
39.96020557212668,116.36404169123053,98,金色楼兰,ChIJx1nlDNVK8DURQV4dXvfHp3Y,"Shun Xin Jie Er Tiao, Bei Tai Ping Zhuang, Daxing Qu",restaurants,restaurant,39.96,116.36477,66.14891282672264
39.96020557212668,116.36404169123053,98,北京师范大学-体育场,ChIJLQkUcplT8DURDbUIZYhvHQc,"X967+5CX, Beitaipingzhuang, Haidian District",leisure,stadium,39.96048599999999,116.363602,48.75131504005887
39.96020557212668,116.36404169123053,98,浩沙健身,ChIJVSfiQZZT8DURIXznTErsiBk,"10 Xi Tu Cheng Lu, Bei Tai Ping Zhuang, Haidian Qu",sport,gym,39.961658,116.35953,417.0664812041983
39.99595487545336,116.30944507425411,99,鲜果时间,ChIJ_VZYe7pW8DURbeThdSu-CoA,"5 Yi He Yuan Lu, Haidian Qu",restaurants,bakery,39.99880369999999,116.309805,318.25556252709043
39.99595487545336,116.30944507425411,99,Peking University No.1 Gymnasium,ChIJVXjdtbFW8DURsahpeB3ws5g,"北京大学, Wei Ming Bei Lu, Haidian Qu, Beijing Shi",leisure,stadium,39.995148,116.311629,206.5443443644245
39.99595487545336,116.30944507425411,99,四季旱冰馆,ChIJhRKBKrFW8DUROVaN8s6dFrk,"镜春路, Haidian Qu, Beijing Shi",sport,gym,39.996433,116.307399,182.2232302416033
